,Author last name,Author first name,birth_year,cave_canem_indicator,region,City of birth,State,Country,Childhood note,Community college or university,Graduate,Iowa,public_private_indicator,Ivy,HBCU,Poem Title,f0Mean,f0Range2sd,f0Entropy,f0MeanAbsVelocity,f0MeanAbsAccel,PauseCount,PauseRate,PauseDutyCycle,MeanPauseDuration,ComplexityAllPauses,ComplexitySyllables,ComplexityPhrases,IntensitySegmentMeanSD,IntensityMeanAbsVelocity,IntensityMeanAbsAccel,Dynamism,undergrad_study_indicator,graduate_study_indicator,poet_full_name
0,Walker,Margaret,1915.0,0,South,Birmingham ,Alabama,USA,family moved to New Orleans when Walker was young girl ,Northwestern University,University of Iowa (MFA),1,1,0,0,For My People_Wobj.mat,236.32225609999998,1.250021239,3.7677734839999997,1.516819035,1.375375815,370,1.375490251,0.411029945,0.298824324,10.01924584,12.81330082,3.9726455819999997,3.450690334,206.9298992,289.959931,3.6629739910000003,1,1,Walker Margaret
1,Walker,Margaret,1915.0,0,South,Birmingham ,Alabama,USA,family moved to New Orleans when Walker was young girl ,Northwestern University,University of Iowa (MFA),1,1,0,0,Kissie Lee_Wobj.mat,223.05772489999998,2.6666808580000003,3.894766686,1.829288,1.603971253,128,0.896860987,0.342033352,0.38136718799999997,6.999924013999999,13.61691779,3.474036362,10.047557000000001,204.9636699,216.40028790000002,3.93522726,1,1,Walker Margaret
2,Brooks,Gwendolyn,1917.0,0,Midwest,Topeka,Kansas ,USA,"family moved to Chicago, IL when Brooks was six weeks old",,,0,0,0,0,Song in the Front Yard_Wobj.mat,171.39190200000002,1.729306297,4.083780863,2.211551845,1.7790279480000002,48,0.7797904309999999,0.31825197,0.408125,6.069913607999999,14.31926392,3.310861968,3.149158593,128.6573738,110.75867179999999,4.341653048,0,0,Brooks Gwendolyn
3,Brooks,Gwendolyn,1917.0,0,Midwest,Topeka,Kansas ,USA,"family moved to Chicago, IL when Brooks was six weeks old",,,0,0,0,0,We Real Cool_Wobj.mat,115.5303314,2.583318495,4.2579251330000005,1.719341332,1.704975903,43,0.604654433,0.314139071,0.519534884,4.7525727,9.892270788,3.491686065,9.623116368,483.96170060000003,722.4247102999999,3.8052697510000004,0,0,Brooks Gwendolyn
4,Evans,Mari,1919.0,0,Midwest,Toledo,Ohio,USA,,,,0,0,0,0,I Am A Black Woman Mari Evans_Wobj.mat,192.2349937,2.4166596190000003,3.9746761760000004,1.059402661,1.112257066,85,0.8009800229999999,0.407510366,0.508764706,6.162480099,12.40434339,3.5891367610000002,6.856047788,232.52512850000002,282.06231339999994,3.2272892110000004,0,0,Evans Mari
5,Evans,Mari,1919.0,0,Midwest,Toledo,Ohio,USA,,,,0,0,0,0,Speak The Truth To The People by Mari Evans_Wobj.mat,188.54147419999998,2.333328314,3.732796824,1.0229878959999998,1.2880583190000001,134,0.797097139,0.336476117,0.422126866,6.127029219,13.38307494,3.1753217119999997,6.244559045,229.80026030000002,281.604453,3.089993232,0,0,Evans Mari
6,Angelou,Maya,1928.0,0,Other,St. Louis,Missouri ,USA,"Moved to Stamps, Arkansas at age 3, returned to St. Louis at age 8. Went back to Arkansas, then to Oakland, CA",,,0,0,0,0,Still I Rise_Wobj.mat,119.70497820000001,1.729335235,4.146149138,1.4283539969999999,1.8394269540000001,119,0.6901751540000001,0.371331632,0.53802521,5.463854337999999,11.49927422,3.322023437,4.149837263999999,178.85609159999998,185.9258993,3.538121654,0,0,Angelou Maya
7,Angelou,Maya,1928.0,0,Other,St. Louis,Missouri ,USA,"Moved to Stamps, Arkansas at age 3, returned to St. Louis at age 8. Went back to Arkansas, then to Oakland, CA",,,0,0,0,0,Phenomenal Woman_Wobj.mat,126.1555092,1.87501023,4.1911708889999995,1.2017019009999999,1.527613694,60,0.461361015,0.089773164,0.194583333,3.890706097,16.01322057,1.240514987,6.280815662,288.1725151,436.5691241,3.170953022,0,0,Angelou Maya
8,Fabio,Sarah Webster,1928.0,0,Other,,,USA,,,,0,0,0,0,Sweet Song_Wobj.mat,129.4634369,2.499994666,4.169721039,0.7373642990000001,0.854822834,149,0.600854908,0.110593596,0.184060403,4.717411911,13.45697252,4.277120133,4.3652045589999995,-245.59852259999997,355.003109,3.1446537689999996,0,0,Fabio Sarah Webster
9,Cortez,Jayne,1934.0,0,West,Fort Huachuca,Arizona,USA,,Compton Community College,,0,0,0,0,Blues Bop For Diz_Wobj.mat,115.87746000000001,1.9793242009999998,4.212918412,0.8609882259999999,1.142539714,0,0.0,0.0,0.35956227290303033,0.18609514300000002,18.00857704,1.5352849290000001,3.059789038,-352.9411403,574.1015107999999,2.989896992,1,0,Cortez Jayne
10,Cortez,Jayne,1934.0,0,West,Fort Huachuca,Arizona,USA,,Compton Community College,,0,0,0,0,I Am New York City_Wobj.mat,144.7941991,2.3749930790000002,4.066333466000001,1.230748305,1.237544044,22,0.124667082,0.019748399,0.158409091,1.1984726829999999,15.90626154,0.342420767,6.628468422,-195.33221719999997,255.5183406,3.0074727,1,0,Cortez Jayne
11,Lorde,Audre,1934.0,0,NYC,New York City ,New York ,USA,,Hunter College    (previously attended National University of Mexico for a year),Columbia University (M.A. in library science),0,1,1,0,1984_Wobj.mat,311.8472708,1.208318971,3.680063525,1.093616326,1.328901637,218,1.1198150759999999,0.387594709,0.346123853,8.42021694,12.53577965,3.838052373,4.369398001,259.4104829,329.9247875,3.21632854,1,1,Lorde Audre
12,Lorde,Audre,1934.0,0,NYC,New York City ,New York ,USA,,Hunter College    (previously attended National University of Mexico for a year),Columbia University (M.A. in library science),0,1,1,0,The Black Unicorn_Wobj.mat,194.7010372,1.0,3.602502938,0.959641819,1.0118451309999998,47,0.6696587589999999,0.356130227,0.531808511,5.495902466,12.00039304,2.453527887,5.8982164070000005,214.9356418,241.22176549999998,2.8210614130000002,1,1,Lorde Audre
13,Sanchez,Sonia,1934.0,0,South,Birmingham ,Alabama,USA,,Hunter College (B.A. in political science),New York University ,0,1,0,0,Poem at Thirty_Wobj.mat,172.242242,0.604082119,2.778946344,0.7108459090000001,0.740751316,49,0.90464322,0.269731376,0.298163265,7.0517525139999995,12.2000163,2.969158953,2.8790458439999997,-112.44403559999999,94.16383383,2.438854281,1,1,Sanchez Sonia
14,Sanchez,Sonia,1934.0,0,South,Birmingham ,Alabama,USA,,Hunter College (B.A. in political science),New York University ,0,1,0,0,Summer Words of a Situh Addict_Wobj.mat,179.22927430000001,2.166661892,3.043967255,0.624192366,0.594664402,37,0.647532377,0.145869793,0.22527027,5.6615605460000005,17.45446064,1.17949178,11.13875246,240.48111200000002,335.1362762,2.342275741,1,1,Sanchez Sonia
15,McElroy ,Colleen J. ,1935.0,0,Midwest,St. Louis,Missouri ,USA,,Kansas State University ,University of Washington (PhD in ethnolinguistic patterns of dialect differences and oral traditions),0,0,0,0,Sometimes the Way It Rains Reminds Me of You_Wobj.mat,171.2218384,1.020718872,3.276528608,1.546794674,1.6215317319999998,71,0.7580610720000001,0.33931240700000004,0.447605634,5.9855349,13.36634753,2.7275855239999998,2.21896266,184.4761705,148.66323069999999,3.357982104,1,1,McElroy  Colleen J. 
16,Clifton,Lucille,1936.0,0,Northeast,Depew ,New York,USA,"Grew up in Buffalo, NY", State University of New York at Fredonia (previously attended Howard University),,0,0,0,0,homage to my hips_Wobj.mat,285.75502819999997,1.249961831,3.859432027,1.4497607940000001,1.303252351,39,0.626908857,0.350667095,0.559358974,4.919529883,13.00459082,3.170363702,11.56891032,232.6900653,267.0074073,3.5036390969999998,1,0,Clifton Lucille
17,Clifton,Lucille ,1936.0,0,Northeast,Depew ,New York,USA,"Grew up in Buffalo, NY", State University of New York at Fredonia (previously attended Howard University),,0,0,0,0,won_t you celebrate with me_Wobj.mat,240.5161057,1.848863911,4.064915274,1.603140026,1.5321387080000002,32,0.546261523,0.27816661,0.50921875,4.4989016710000005,14.49928418,2.422485515,4.097279588,-205.14822009999997,233.265594,3.6387487039999997,1,0,Clifton Lucille 
18,Jordan,June,1936.0,0,NYC,Harlem,New York,USA,"Moved to e Bedford-Stuyvesant, Brooklyn at age 5.",,,0,0,0,0,Song of the Law Abiding Citizen June Jordan online-audio-converter.com_Wobj.mat,196.844175,2.416670687,4.006622913,1.354415677,1.413622885,81,0.799920995,0.157021529,0.196296296,5.933398669,15.21626728,2.613520842,3.7085182480000003,146.5089722,179.5590191,3.4522719989999997,0,0,Jordan June
19,Jordan ,June,1936.0,0,NYC,Harlem,New York,USA,"Moved to e Bedford-Stuyvesant, Brooklyn at age 5.",,,0,0,0,0,June Jordan - Poem About My Rights_Wobj.mat,221.6452832,1.04166654,3.598540868,1.341914286,1.537025475,217,0.6853208690000001,0.26056404699999997,0.38020737299999996,5.541106459,13.38141486,2.5438716009999998,4.709386015,146.51726440000002,136.2353024,3.237226562,0,0,Jordan  June
20,Derricotte,Toi,1941.0,1,Midwest,Hamtramck,Michigan,USA,,Wayne State University ,New York University (M.A. in English),0,1,0,0,Blackbottom_Wobj.mat,206.78799630000003,1.041626537,3.582443342,1.151059904,1.513641249,82,0.5612209979999999,0.298131545,0.5312195120000001,4.568776308,13.47252512,2.7920299660000003,2.710105514,171.0513194,185.7874446,3.1021272210000004,1,1,Derricotte Toi
21,Derricotte,Toi,1941.0,1,Midwest,Hamtramck,Michigan,USA,,Wayne State University ,New York University (M.A. in English),0,1,0,0,For Telly the Fish_Wobj.mat,218.74658990000003,2.083334157,4.015634896,1.6947466009999999,1.690541556,214,1.2288610070000001,0.412127825,0.335373832,9.010372992999999,14.85445419,3.162294368,2.948542715,157.1905856,189.39417849999998,3.84367091,1,1,Derricotte Toi
22,Giovanni,Nikki,1943.0,0,Midwest,Knoxville ,Tennessee ,USA,"Shorlty after her birth, family moved to Cincinnati, Ohio",Fisk University ,,0,1,0,1,Ego Tripping_Wobj.mat,156.4218698,2.08332685,3.8919291410000003,2.001654105,1.670888755,81,0.730025686,0.24226037600000003,0.331851852,5.529960915,16.29785074,2.99268473,3.731985438,171.6631648,183.00365530000002,4.1142441860000005,1,0,Giovanni Nikki
23,Giovanni,Nikki,1943.0,0,Midwest,Knoxville ,Tennessee ,USA,"Shorlty after her birth, family moved to Cincinnati, Ohio",Fisk University ,,0,1,0,1,Nikki Rosa_Wobj.mat,184.4561789,1.520971514,4.017203541000001,1.913578615,2.510306315,73,0.7697580009999999,0.23952127399999998,0.31116438399999996,5.993791627,15.70229368,2.472439046,3.305497631,212.3282719,186.3236105,3.9625710819999997,1,0,Giovanni Nikki
24,Parker,Pat,1944.0,0,West,Houston ,Texas,USA,,Los Angeles City College,San Francisco State College,0,0,0,0,my lover is a woman_Wobj.mat,171.1764363,0.854334431,3.489873652,1.703171995,2.181505416,152,1.015771184,0.309075114,0.304276316,7.501947024,14.27392785,2.384724882,4.606127283999999,167.6951645,153.3189858,3.542927202,1,1,Parker Pat
25,Parker,Pat,1944.0,0,West,Houston ,Texas,USA,,Los Angeles City College,San Francisco State College,0,0,0,0,Where Will You Be_Wobj.mat,275.4723935,1.166703167,3.641113781,1.937633828,1.6706833630000002,133,0.789926947,0.25853774399999996,0.327293233,6.25245626,15.23487067,2.3223408969999997,4.370548486000001,153.8141886,157.97261709999998,3.8291450339999997,1,1,Parker Pat
26,Walker,Alice,1944.0,0,South,Eatonton,Georgia,USA,,Sarah Lawrence College (previously attended Spelman College),,0,1,0,0,I Will Keep Broken Things_Wobj.mat,150.6171328,2.041651851,3.772814382,0.9317057329999999,1.072875662,107,0.582947426,0.41746118200000004,0.716121495,4.626296142,11.18395757,2.60229158,5.656621062,217.20804159999997,259.20111549999996,2.840259254,1,0,Walker Alice
27,Walker,Alice,1944.0,0,South,Eatonton,Georgia,USA,,Sarah Lawrence College (previously attended Spelman College),,0,1,0,0,You Confide in Me_Wobj.mat,163.9201625,2.3749930790000002,4.317810346,1.5977424530000002,1.717258455,124,0.593699129,0.330532414,0.556733871,4.740350285,13.17191239,2.4620423959999997,6.093450174,227.6699733,284.8731746,3.66594227,1,0,Walker Alice
28,Coleman,Wanda,1946.0,0,West,Los Angeles ,California,USA,,Enrolled be did not complete studies at  Los Angeles Valley College in Van Nuys and California State University at Los Angeles,,0,0,0,0,Wanda Why Aren_t You Dead_Wobj.mat,201.25502419999998,2.5410477190000003,4.109425552,1.8113943590000001,1.53010881,95,0.7601216190000001,0.36717874899999997,0.48305263200000004,5.902933158,14.36416853,2.863799255,7.390315642000001,180.1545836,179.2058169,3.9106821160000003,1,0,Coleman Wanda
29,Coleman ,Wanda,1946.0,0,West,Los Angeles ,California,USA,,Enrolled be did not complete studies at  Los Angeles Valley College in Van Nuys and California State University at Los Angeles,,0,0,0,0,My Car_Wobj.mat,232.4751437,2.6249962069999997,4.066975144,1.29712659,1.613537685,153,1.0400734170000001,0.383943442,0.36915032700000006,7.61857033,15.51180224,2.875884164,4.550209089,177.5627137,186.5936948,3.472530545,1,0,Coleman  Wanda
30,Nelson ,Marilyn,1946.0,0,Other,Cleveland ,Ohio,USA,grew up on military bases ,University of California-Davis,"M.A. University of Pennsylvania, PhD University of Minnesota ",0,0,1,0,Moonlily_Wobj.mat,167.14218780000002,2.250001478,3.686651367,0.6474945639999999,0.804063671,106,0.921939552,0.271232877,0.294198113,6.993779701,13.88506172,2.7723090710000005,8.768794075,362.1066948,526.942325,2.684671825,1,1,Nelson  Marilyn
31,Nelson ,Marilyn,1946.0,0,Other,Cleveland ,Ohio,USA,grew up on military bases ,University of California-Davis,"M.A. University of Pennsylvania, PhD University of Minnesota ",0,0,1,0,Thompson and Seaman Vows African Union Church_Wobj.mat,148.21031230000003,2.291652669,4.132796698,0.991115895,1.1417987840000001,99,0.771328399,0.296727698,0.38469697,6.048351443,13.42667206,2.795936044,7.3832215979999996,-367.99321410000005,567.2212376,3.119792665,1,1,Nelson  Marilyn
32,Philip ,M. NourbeSe,1947.0,0,Caribbean,"Woodlands, Moriah",,Trinidad and Tobago,,University of the West Indies,University of Western Ontario (political science and law),0,0,0,0,Discourse on the Logic of Language_Wobj.mat,158.2435153,1.604339388,3.155234529,0.782952712,0.868222739,361,0.881132536,0.303490359,0.344432133,6.772655055,13.251528599999999,2.529785859,7.092019508,-179.7198541,165.669503,2.585042769,1,1,Philip  M. NourbeSe
33,Jackson  ,Angela,1951.0,0,Midwest,Greenville ,Mississippi,USA,"grew up in Chicago, Illinois",,,0,0,0,0,Crowning_Wobj.mat,111.9278868,2.12498977,3.524330623,0.5456280029999999,0.660315181,125,0.616933593,0.23779088399999998,0.38544,4.759198523,12.19297648,2.795084847,6.915760341,-336.3058118,530.9836553,2.482273486,0,0,Jackson   Angela
34,Jones,Patricia Spears,1951.0,0,South,Forrest City ,Arkansas ,USA,,Rhodes College,Vermont College of Fine Arts (MFA),0,1,0,0,Kara Walker Draws the Blues_Wobj.mat,158.2789631,1.8749936390000002,3.112431592,0.8994039559999999,1.1593422420000001,104,1.195745904,0.384535786,0.32158653800000003,8.907286039,16.15652994,3.239013105,4.1639855489999995,211.5019708,202.28381519999996,2.90627894,1,1,Jones Patricia Spears
35,Jones,Patricia Spears,1951.0,0,South,Forrest City ,Arkansas ,USA,,,,0,0,0,0,Lave_Wobj.mat,151.30970119999998,1.9793242009999998,3.317454262,0.890336054,0.8649572090000001,486,1.273484789,0.386893064,0.303806584,9.18023679,13.50663845,3.1663316710000005,9.900456177999999,178.9304607,188.2913712,2.8470320730000003,0,0,Jones Patricia Spears
36,Dove,Rita,1952.0,0,Midwest,Akron,Ohio,USA,,Miami University of Ohio,University of Iowa (MFA),1,0,0,0,American Smooth_Wobj.mat,200.6324731,1.4559322469999998,3.882351917,1.158589933,1.252893633,64,0.787886249,0.2742829,0.348125,6.198853773,13.53758797,2.238474974,5.1396445989999995,204.64690430000002,208.7952233,3.1099653560000005,1,1,Dove Rita
37,Dove ,Rita,1952.0,0,Midwest,Akron,Ohio,USA,,Miami University of Ohio,University of Iowa (MFA),1,0,0,0,Rita Dove - Shakespeare Say _Wobj.mat,194.744488,1.5833353730000002,3.5144850119999997,1.159817797,1.438776979,115,1.10768638,0.366740512,0.331086957,8.011829931,15.32999219,2.8317674760000004,7.512358882000001,150.4994738,124.1893865,3.1667440510000002,1,1,Dove  Rita
38,Hand,Monica A.,1953.0,0,Northeast,Newark,New Jersey ,USA,,,Drew University (MA or MFA in poetry and translation),0,1,0,0,Black people sure can keep secrets_Wobj.mat,154.4109799,1.416703429,3.70428858,0.986859235,0.977946275,86,0.879210755,0.229974953,0.261569767,6.849600758999999,12.89812874,1.748834236,11.12603107,323.056908,475.8115209,2.794021924,0,1,Hand Monica A.
39,Mullen,Harryette,1953.0,0,West,Florence ,Alabama,USA,"grew up in Fort Worth, Texas",University of Texas at Austin,University of California at Santa Cruz (PhD),0,0,0,0,Dim Lady by Harryette Mullen_Wobj.mat,207.15835019999997,1.249942417,3.707581733,1.034505582,1.326025429,61,0.7538775259999999,0.233578447,0.309836066,5.96130352,14.29224367,2.15989258,4.383334679,215.0647618,265.9242219,2.959488305,1,1,Mullen Harryette
40,Mullen,Harryette,1953.0,0,West,Florence ,Alabama,USA,"grew up in Fort Worth, Texas",University of Texas at Austin,University of California at Santa Cruz (PhD),0,0,0,0,We are Not Responsible_Wobj.mat,205.80590669999998,1.270933995,4.001811629,1.69786262,1.406793866,105,1.007967745,0.322789671,0.320238095,7.50560423,13.709620999999999,2.7543501760000004,5.2418882060000005,185.65237119999998,163.11353180000003,3.7314934589999997,1,1,Mullen Harryette
41,Adisa,Opal Palmer,1954.0,0,Caribbean,Kingston,,Jamaica ,came to US at age 15 and attended high school in NYC.,New York University ,San Francisco State University (Mas in English & drama); University of California–Berkeley (PhD),0,1,0,0,Public Restrooms Prelude_Wobj.mat,210.16549300000003,1.166666351,3.795268809,1.3944132230000001,1.5218582219999999,130,0.9214303429999999,0.281922245,0.30596153800000003,6.968302642,13.079815400000001,2.6720558999999997,4.096043116000001,277.5372651,305.4143923,3.354126037,1,1,Adisa Opal Palmer
42,Adisa,Opal Palmer,1954.0,0,Caribbean,Kingston,,Jamaica ,came to US at age 15 and attended high school in NYC.,New York University ,San Francisco State University (Mas in English & drama); University of California–Berkeley (PhD),0,1,0,0,This Poem Is An Invitation_Wobj.mat,192.54979419999998,0.664573407,3.028768433,0.9879049940000001,1.177284234,29,0.60720268,0.268844221,0.442758621,5.259353603,12.13165318,2.7680808439999995,3.458939734,191.88366100000002,196.8408118,2.7317073169999997,1,1,Adisa Opal Palmer
43,Moss ,Thylias,1954.0,0,Midwest,,Ohio,USA,,Oberlin College (previously attended Syracuse University),,0,1,0,0,All Is Not Lost When Dreams Are_Wobj.mat,168.9610718,1.874999401,3.747313451,1.070900441,1.02321622,205,0.7892355959999999,0.342008508,0.433341463,5.970428398999999,12.87915464,3.0756752360000004,4.776274927,223.6543358,261.65297569999996,3.1026372810000002,1,0,Moss  Thylias
44,Moss ,Thylias,1954.0,0,Midwest,,Ohio,USA,,Oberlin College (previously attended Syracuse University),,0,1,0,0,Sunrise Comes to Second Avenue_Wobj.mat,162.6020767,1.83332728,3.6478029610000005,0.884412657,1.033523696,121,0.731360875,0.33140923,0.453140496,5.535573091,12.30738263,3.085401395,5.645535988,-222.7316497,276.0923309,2.881925064,1,0,Moss  Thylias
45,Hunt,Erica,1955.0,0,Other,Manhattan ,New York,USA,,San Francisco State University (previously attended University of Vermont),Bennington College (MFA),0,1,0,0,The Small Print_Wobj.mat,142.2609635,1.5416434430000001,4.026676988999999,1.9228209019999998,1.73823433,78,1.3807753580000002,0.42441140000000005,0.307371795,9.651973674,14.40627234,4.2897660769999995,6.15720188,159.13146919999997,149.0649343,4.225327695,1,1,Hunt Erica
46,Smith,Patricia,1955.0,0,Midwest,Chicago,Illinois ,USA,,,,0,0,0,0,Skinhead_Wobj.mat,244.25270010000003,1.291616718,3.933676623,1.735816714,1.67772112,238,1.095008052,0.36680469299999996,0.334978992,8.293844552000001,14.91579611,2.374733269,3.73682522,227.9033583,227.69638540000003,3.728736885,0,0,Smith Patricia
47,Finney ,Nikky,1957.0,0,South,Conway,South Carolina,USA,,Talladega College,Atlanta University ,0,1,0,1,Girlfriend_s Train_Wobj.mat,245.80658730000002,1.708303509,3.2502243560000004,1.545675796,1.860385676,149,0.888120641,0.254127675,0.28614094,6.855129611000001,14.36726581,1.9714098230000001,4.055845121,200.1144655,195.76333469999997,3.261938339,1,1,Finney  Nikky
48,Finney ,Nikky,1957.0,0,South,Conway,South Carolina,USA,,Talladega College,Atlanta University ,0,1,0,1,Left_Wobj.mat,220.12638130000002,0.749964307,3.41327888,0.832969677,0.9097596729999999,189,0.752688172,0.250796495,0.333201058,5.7835897,11.71141733,2.083336075,3.6514163369999997,204.5392078,210.5808591,2.576073571,1,1,Finney  Nikky
49,Strange,Sharan,1959.0,0,South,Orangeburg,South Carolina,USA,,,Sarah Lawrence College (MFA),0,1,0,0,Unforgettable_Wobj.mat,167.1796236,2.624997669,4.117336925,1.007139963,1.12655157,137,0.586673518,0.10510877,0.17916058399999998,4.715989921,15.96879228,0.896702309,7.471509178,197.868525,262.6925551,2.9120740410000003,0,1,Strange Sharan
50,Alexander,Elizabeth ,1962.0,0,Northeast,Harlem,New York,USA,"grew up in Washington, D.C. ",Yale University ,Boston University (MA); University of Pennsylvania (PhD),0,1,1,0,Venus Hottentot_Wobj.mat,174.439215,1.041616598,3.59091599,1.104558961,1.077948538,217,0.692450061,0.252504946,0.36465437799999995,5.51723236,13.59924292,2.288253052,3.513307483,-205.45926359999999,210.1772861,2.98356866,1,1,Alexander Elizabeth 
51,Alexander ,Elizabeth ,1962.0,0,Northeast,Harlem,New York,USA,"grew up in Washington, D.C. ",,,0,0,0,0,Praise Song for the Day_Wobj.mat,220.0459813,1.562614367,3.728612773,1.087439789,1.146318303,216,0.87746024,0.43988788,0.501319444,6.616890306,11.26722843,3.039337174,4.012888744,181.9373835,212.5777881,3.045041683,0,0,Alexander  Elizabeth 
52,Francis,Vievee,1963.0,1,Other,,,,,Fisk University ,University of Michigan (MFA),0,1,0,1,Paradise_Wobj.mat,192.6660675,0.89566466,3.3689967569999997,1.106180704,1.054963637,50,0.8624407070000001,0.330746011,0.3835,6.5201364139999995,12.21016673,3.725792237,6.977299972999999,272.46365860000003,197.3031618,3.1035357999999995,1,1,Francis Vievee
53,Francis,Vievee,1963.0,1,Other,,,,,Fisk University ,University of Michigan (MFA),0,1,0,1,Parched_Wobj.mat,188.875439,0.791690846,3.353188207,1.112360097,1.126852723,100,0.8852299379999999,0.339574204,0.3836,6.657607404,13.56661678,3.20077279,6.494756516,275.25863169999997,192.8107446,3.06903957,1,1,Francis Vievee
54,Rankine ,Claudia,1963.0,0,Caribbean,Kingston,,Jamaica ,,Williams College ,Columbia University,0,1,1,0,Citizen excerpt_Wobj.mat,145.2764648,0.791730376,3.194227148,0.897005836,1.191887401,258,0.9536658840000001,0.33649989799999996,0.352848837,7.119595628,13.71590295,2.557242511,3.246838827,129.9527257,106.8499189,2.7233361769999997,1,1,Rankine  Claudia
55,Rankine ,Claudia,1963.0,0,Caribbean,Kingston,,Jamaica ,,Williams College ,Columbia University,0,1,1,0,Don_t Let Me Be Lonely Part 2_Wobj.mat,175.97877119999998,0.396006921,2.3602401719999997,0.931680033,0.975569523,43,0.590334981,0.3460324,0.586162791,4.461794695,13.85440338,2.563158654,2.68936429,107.1365969,77.07411295,2.510948689,1,1,Rankine  Claudia
56,Lewis,Robin Coste,1964.0,1,West,Compton ,California,USA,moved to nearby and newly incorporated Carson when she was five,Hampshire College (previously spent some time at NYU),Harvard (MA in Theological Studies in Sanskirt); New York University (MFA),0,1,1,0,Reason by Robin Coste Lewis_Wobj.mat,103.3306793,1.2083091540000002,3.016036549,0.7879508590000001,0.795226042,59,0.9131713359999999,0.39514007100000004,0.432711864,7.080885072999999,13.56221238,3.9103395180000002,3.4619027680000003,123.0823874,105.2717154,2.787956336,1,1,Lewis Robin Coste
57,Lewis,Robin Coste,1964.0,1,West,Compton ,California,USA,moved to nearby and newly incorporated Carson when she was five,Hampshire College (previously spent some time at NYU),Harvard (MA in Theological Studies in Sanskirt); New York University (MFA),0,1,1,0,Self-Portrait as the Bootblack in Daguerres Boulevard du Temple_Wobj.mat,88.1139739,1.2083091540000002,2.8031121860000003,0.462126395,0.48968270799999997,80,0.8932559179999999,0.333240286,0.3730625,6.862047584,12.7030506,4.89019483,2.424112355,148.72511310000002,165.6435085,2.555168915,1,1,Lewis Robin Coste
58,Shockley,Evie,1965.0,1,South,Nashville ,Tennessee ,USA,,Northwestern University,University of Michigan (law degree); Duke University (PhD),0,1,0,0,philosophically immune_Wobj.mat,191.1912037,1.3542665130000002,4.08806367,1.5337768,1.674024729,101,0.955986749,0.22806436300000002,0.238564356,7.206993435,16.78668162,2.31167714,3.24195167,197.02429650000002,246.1611477,3.650580648,1,1,Shockley Evie
59,Shockley,Evie,1965.0,1,South,Nashville ,Tennessee ,USA,,Northwestern University,University of Michigan (law degree); Duke University (PhD),0,1,0,0,question marks_Wobj.mat,181.4666683,1.1042619340000002,3.6870572289999997,1.075764994,1.198303156,94,0.944628681,0.35398452399999997,0.37473404299999996,7.3186515860000005,13.79813977,2.726556473,3.0455891680000002,168.020227,203.5366624,3.0661012000000003,1,1,Shockley Evie
60,Kocher ,Ruth Ellen,1965.0,1,Northeast,Wilkes-Barre,Pennsylvania,USA,,Pennsylvania State University ,Arizona State University (MFA); Arizona State University (PhD) ,0,0,0,0,gigans_iii_Wobj.mat,165.2872135,1.608467849,3.2274303489999996,0.604422407,0.63257823,64,0.673365248,0.35704140100000004,0.530234375,5.159381867,12.47089353,3.06571966,3.9127056610000004,-257.93069069999996,292.7540155,2.5022810580000003,1,1,Kocher  Ruth Ellen
61,Kocher ,Ruth Ellen ,1965.0,1,Northeast,Wilkes-Barre,Pennsylvania,USA,,Pennsylvania State University ,Arizona State University (MFA); Arizona State University (PhD) ,0,0,0,0,the gigans- v_Wobj.mat,157.1578501,1.458346863,3.083870959,0.513112341,0.633685009,48,0.639701473,0.36616245799999997,0.572395833,4.899337273,12.81082806,2.865650103,3.975675344,-270.2047447,336.2553181,2.355367053,1,1,Kocher  Ruth Ellen 
62,Trethewey ,Natasha,1966.0,1,South,Gulfport,Mississippi,USA,,University of Georgia ,Hollins University (MA in English and Creative Writing);  University of Massachusetts Amherst (MFA),0,1,0,0,Incident_Wobj.mat,193.0951448,0.9331809999999999,3.350587838,1.012695219,0.9758244340000001,77,0.966304825,0.37667064100000003,0.389805195,7.1824256779999995,13.21511234,3.766393953,3.566327592,141.94148619999999,127.5505043,3.0572221010000002,1,1,Trethewey  Natasha
63,Trethewey ,Natasha,1966.0,1,South,Gulfport,Mississippi,USA,,University of Georgia ,Hollins University (MA in English and Creative Writing);  University of Massachusetts Amherst (MFA),0,1,0,0,Miscegenation by Natasha Trethewey_Wobj.mat,198.65737869999998,0.895709491,3.465037998,1.144324823,0.9945436959999999,90,1.012316518,0.35633541399999996,0.35200000000000004,7.383793094,14.92913816,3.2552206110000004,3.119420952,147.78150119999998,133.93993740000002,3.192553923,1,1,Trethewey  Natasha
64,Joseph ,Allison,1967.0,0,Northeast,London,,England,"grew up in Toronto, Canada and the Bronx, NY",Kenyon College ,Indiana University (MFA),0,1,0,0,Allison Joseph - Barbie_s Little Sister _Wobj.mat,175.71585369999997,0.958352738,3.38781765,1.094424093,1.4070741009999999,189,1.37434555,0.380199244,0.276640212,9.704710188,15.99083772,3.270648185,3.8646593639999995,147.4934289,119.8680619,3.166483535,1,1,Joseph  Allison
65,Martin ,Dawn Lundy,1968.0,1,Other,,,,,University of Connecticut,San Francisco State University (MA); University of Massachusetts Amherst (PhD),0,0,0,0,If your book was a house what does the foer look like__Wobj.mat,157.0295126,1.229322716,3.247363202,0.9078385309999999,1.267827662,266,0.8614547570000001,0.26708336,0.31003759399999997,6.571158473,12.92444799,2.087309162,5.179215612,205.4090211,194.295495,2.6414718999999995,1,1,Martin  Dawn Lundy
66,Martin ,Dawn Lundy,1968.0,1,Other,,,,,University of Connecticut,San Francisco State University (MA); University of Massachusetts Amherst (PhD),0,0,0,0,Modern Frame_Wobj.mat,161.0997633,1.791670034,3.6340522060000002,1.037792518,1.0197519309999998,295,0.884584245,0.30524153600000004,0.345067797,6.6072637,12.73469167,1.970165903,4.826216425,198.88105380000002,214.98545840000003,2.849988297,1,1,Martin  Dawn Lundy
67,Rivera,R. Flowers,1968.0,0,Other,,,,,,,0,0,0,0,Bootstraps_Wobj.mat,186.4339008,0.749950074,3.216501806,0.7193359159999999,0.895744902,95,0.58301881,0.165822824,0.28442105300000003,4.830238975,12.76370466,2.438120625,3.1275713769999998,-255.70493790000003,347.5647522,2.511523767,0,0,Rivera R. Flowers
68,Redmond,Treasure,1971.0,1,South,Meridian ,Mississippi,USA,,Jackson State University ,,0,0,0,1,Preachers_Wobj.mat,250.4768415,1.500048073,4.054366674,0.893844561,0.8105262870000001,40,0.7716793670000001,0.271341757,0.351625,6.047192806,11.66841775,2.830600888,3.6906043530000003,199.629656,242.2002588,2.946244454,1,0,Redmond Treasure
69,Redmond,Treasure,1971.0,1,South,Meridian ,Mississippi,USA,,Jackson State University ,,0,0,0,1,october 16 1917 montgomery county MS_Wobj.mat,239.105796,2.249995835,4.080237643999999,0.696771571,0.74580884,84,0.6861623920000001,0.238400588,0.347440476,5.359056368,12.15811928,2.739073255,4.284846622,210.9032745,269.47058450000003,2.776978062,1,0,Redmond Treasure
70,moore,jessica Care,1971.0,0,Midwest,Detroit ,Michigan,USA,,,,0,0,0,0,Black Statue of Liberty_Wobj.mat,328.08498480000003,0.937329648,3.341793137,1.610833039,1.3434983090000001,112,1.154282181,0.190662682,0.165178571,8.51413192,16.71757017,1.247760712,2.054525925,205.66250319999997,225.8164721,3.318512544,0,0,moore jessica Care
71,Smith,Tracy K.,1972.0,1,West,Falmouth,Massachusetts ,USA,"raised in Fairfield, California ",Harvard University ,Columbia University (MFA),0,1,1,0,One Man at a Time_Wobj.mat,151.7816801,0.875071148,3.37383795,0.7048228809999999,0.933293151,117,0.674798858,0.297286386,0.440555556,5.392856857999999,8.147107005,2.783409991,3.4338214999999996,215.47949390000002,216.95252369999997,2.427539915,1,1,Smith Tracy K.
72,Smith ,Tracy K.,1972.0,1,West,Falmouth,Massachusetts ,USA,"raised in Fairfield, California ",Harvard University ,Columbia University (MFA),0,1,1,0,I will tell you the truth about this I will tell you all about it_Wobj.mat,154.8236459,0.8957263320000001,3.393288664,1.0869718320000001,1.375937811,163,1.174351585,0.361923631,0.308190184,8.560513953,15.67095978,2.7117156000000002,2.8196198760000004,156.05485,146.372919,3.0567255089999996,1,1,Smith  Tracy K.
73,harris,francine j.,1972.0,1,Midwest,Detroit ,Michigan,USA,,Arizona State University ,University of Michigan (MFA),0,0,0,0,suicide note 10 wet condoms_Wobj.mat,160.5281957,0.666624153,3.169719953,0.813811345,0.8581970720000001,99,0.821133828,0.339609339,0.413585859,6.157723741,13.59758958,3.4410809139999996,3.879947951,189.6712018,178.9676629,2.781499193,1,1,harris francine j.
74,Chin,Staceyann,1972.0,0,Other,,,,,,,0,0,0,0,Feminist or a Womanist_Wobj.mat,278.1320008,1.062636248,3.7153476339999996,0.8586315409999999,0.972744077,259,1.221122112,0.32609618100000004,0.267046332,8.91453004,12.26771407,4.855882217,4.525670466,287.1371079,365.5645953,3.169930195,0,0,Chin Staceyann
75,Chin,Staceyann,1972.0,0,Other,,,,,,,0,0,0,0,If Only Out Of Vanity_Wobj.mat,250.5915686,1.333341326,3.945582007,1.8829752359999998,2.211009941,216,1.1410760979999999,0.22898122,0.20067129600000003,8.516053882000001,17.10527571,2.169183536,3.51384452,245.3520537,251.88731940000002,3.916081422,0,0,Chin Staceyann
76,Dungy ,Camille T.,1972.0,1,Other,Denver,Colorado,USA,moved often in childhood,,"University of North Carolina, Greensboro (MFA)",0,0,0,0,Characteristics of Life_Wobj.mat,192.6337885,1.041593709,3.780959373,1.1625746609999998,1.1952730759999999,206,0.6911128259999999,0.324739155,0.46987864100000004,5.4283839689999995,13.35652003,2.474704456,5.79010277,156.3965692,147.2298034,3.1153828939999997,0,1,Dungy  Camille T.
77,Dungy ,Camille T.,1972.0,1,Other,Denver,Colorado,USA,moved often in childhood,,"University of North Carolina, Greensboro (MFA)",0,0,0,0,Frequently Asked Questions No 5_Wobj.mat,189.48521000000002,0.999946447,3.781960911,1.14319013,1.1171602390000002,254,0.6613377770000001,0.326372797,0.493503937,5.176241108999999,13.60452935,2.535301768,5.743813221,162.0393795,151.2231739,3.117359165,0,1,Dungy  Camille T.
78,harris,francine j.,1972.0,1,Midwest,Detroit ,Michigan,USA,,Arizona State University ,University of Michigan (MFA),0,0,0,0,Red is the Mess_Wobj.mat,172.3907217,2.083326238,3.226948309,1.128968231,1.033223131,137,0.845705114,0.168091608,0.19875912399999998,6.335702927000001,14.40452424,1.156150169,10.24416211,224.2716051,234.42535319999996,2.7399358730000003,1,1,harris francine j.
79,Jarrett ,TJ,1973.0,0,South,Nashville,Tennessee ,USA,,Wellesley College,Bennington College (MFA),0,1,0,0,After I Came to Bed Unable to Understand Why Mike Brady is Beating Kunta Kinte.._Wobj.mat,157.95404399999998,0.958347775,3.53928783,1.102763127,1.085308602,51,0.536305799,0.343971818,0.641372549,4.334822914,9.648156774,2.391626435,3.742378087,188.60064309999998,172.24143569999998,2.833717245,1,1,Jarrett  TJ
80,Jarrett ,TJ,1973.0,0,South,Nashville,Tennessee ,USA,,Wellesley College,Bennington College (MFA),0,1,0,0,Thanksgiving_Wobj.mat,162.1561818,1.166682577,3.673056696,1.3489260680000001,1.771209575,93,0.668391548,0.33139284199999997,0.495806452,5.305365427,14.280320000000001,1.9099315540000001,4.4484420060000005,214.9368876,228.10604500000002,3.1952450939999997,1,1,Jarrett  TJ
81,Moon,Kamilah Aisha,1973.0,1,South,Nashville ,Tennessee ,USA,,Paine College,Sarah Lawrence College (MFA),0,1,0,1,Borderless Country by Kamilah Aisha Moon_Wobj.mat,190.00392649999998,0.937667134,3.6249751189999997,1.212762994,1.1227652890000002,67,0.615752229,0.267346751,0.434179104,5.032067392,15.98387538,2.9133021739999996,3.2475968930000003,119.3222368,108.97594550000001,3.286674306,1,1,Moon Kamilah Aisha
82,Moon,Kamilah Aisha,1973.0,1,South,Nashville ,Tennessee ,USA,,Paine College,Sarah Lawrence College (MFA),0,1,0,1,Father_s Voice by Kamilah Aisha Moon_Wobj.mat,182.9947889,0.8333759209999999,3.510718105,1.053865034,1.036852255,57,0.745390349,0.305740813,0.410175439,5.998371913,14.02428105,2.7265326880000003,2.7275157439999997,113.75512169999999,101.777226,3.001679227,1,1,Moon Kamilah Aisha
83,Harvey,Yona,1974.0,1,Other,,,,,,,0,0,0,0,Sound - Part 4 Notes on Polyphony_Wobj.mat,109.79927749999999,1.958347775,2.509382448,0.42683009200000005,0.526020255,139,0.924693986,0.184040713,0.199028777,6.828072617999999,14.44566102,0.841139381,13.71803003,403.3621369,678.7547442000001,1.831020479,0,0,Harvey Yona
84,Betts,Tara,1974.0,1,Midwest,Kankakee,Illinois ,USA,,"Loyola University, Chicago.",New England College (MFA 2007); Binghamton University (PhD English/Creative Writing 2014),0,1,0,0,Erasure_Wobj.mat,195.7405987,0.833287993,3.398402305,1.081711053,1.197098536,90,0.843921422,0.293544001,0.34783333299999997,6.607118807999999,15.21032423,2.6293636069999997,4.257047862,-224.34279480000004,219.7121285,3.022357146,1,1,Betts Tara
85,Betts ,Tara,1974.0,1,Midwest,Kankakee,Illinois ,USA,,"Loyola University, Chicago.",New England College (MFA 2007); Binghamton University (PhD English/Creative Writing 2014),0,1,0,0,Switch_Wobj.mat,247.80021519999997,1.25000459,4.056377969,1.944898426,1.656501121,74,0.9966329970000001,0.354814815,0.356013514,7.558548711,14.15861284,3.4526703989999996,4.2652348369999995,176.0479676,189.51230890000002,4.106613984,1,1,Betts  Tara
86,Christina,Dominique,1974.0,0,West,,Pennsylvania,USA,"raised in Denver, CO",University of the Pacific,University of Arkansas at Monticello (Med),0,1,0,0,Karma_Wobj.mat,339.7099015,1.103989994,3.0344642489999996,1.365041357,1.507973816,380,1.64139778,0.351496696,0.214144737,10.94554025,16.1463511,3.0794792139999996,6.643098308,221.030306,238.662342,3.2824875239999995,1,1,Christina Dominique
87,Browne,Mahogany L.,1976.0,1,Other,,,,,,,0,0,0,0,Black Girl Magic_Wobj.mat,232.5673518,1.083345175,3.71929659,2.092845637,2.282638476,166,1.206658428,0.341571564,0.283072289,8.736735255,14.311550800000001,2.30478292,6.807496689,218.4318503,197.05203269999998,3.9568328839999998,0,0,Browne Mahogany L.
88,Browne,Mahogany L.,1976.0,1,Other,,,,,Pratt Institute MFA Writing and Activism Program,,0,1,0,0,Redbone Shames the Devil_Wobj.mat,228.6360543,1.041642859,3.603568255,1.7128396959999999,1.9099965380000001,125,0.6479201760000001,0.326888687,0.50452,4.975145193,14.83819578,2.329631479,5.137403343,198.5093456,202.9065994,3.59819368,1,0,Browne Mahogany L.
89,Girmay ,Aracelis,1977.0,1,Other,,,,,,,0,0,0,0,Ceremony for Remembering the Doorless World_Wobj.mat,183.954137,0.333380675,1.8344599959999999,0.5381473370000001,0.603136741,122,0.7500768520000001,0.43882569899999996,0.5850409839999999,5.944019717000001,13.42396536,3.409747745,2.639620008,175.2624482,229.2857756,2.116451493,0,0,Girmay  Aracelis
90,Griffiths,Rachel Eliza,1978.0,1,Northeast,Washington D.C.,,USA,,,University of Delaware (MA in Lit.); Sarah Lawrence College (MFA),0,0,0,0,Verguenza_Wobj.mat,225.8067471,1.2083091540000002,3.138699051,0.596121629,0.774726004,364,1.148808585,0.319914786,0.278475275,8.407335759,12.96264084,2.99542801,3.951515661,224.788807,275.5918186,2.475060541,0,1,Griffiths Rachel Eliza
91,Dawson,Erica,1979.0,0,Other,,,,,John Hopkins University,"Ohio State University (MFA), University of Cincinnati (PhD)",0,1,0,0,Berry the sweeter_Wobj.mat,174.62695459999998,1.3959947480000001,2.9634777960000003,0.8983417359999999,0.958089764,53,0.548853104,0.35877388299999996,0.653679245,4.349198521,14.63473021,2.8011787089999998,5.36444752,-198.897523,197.61135190000002,2.7304717010000004,1,1,Dawson Erica
92,Dawson,Erica,1979.0,0,Other,,,,,John Hopkins University,"Ohio State University (MFA), University of Cincinnati (PhD)",0,1,0,0,Layover_Wobj.mat,199.3323635,0.7916614559999999,3.374079314,0.69193198,0.755848231,99,0.553768704,0.28272968800000003,0.510555556,4.399522777,11.17187952,2.45358001,3.464520307,225.4365228,261.10187340000004,2.47593839,1,1,Dawson Erica
93,Spriggs,Bianca Lynne,1981.0,1,Midwest,Milwaukee,Wisconsin,USA,,,,0,0,0,0,What Women Are Made of_Wobj.mat,202.8529027,1.12504215,3.773158167,0.9879838759999999,1.394005544,94,0.659001683,0.267666854,0.40617021299999995,5.291508426,11.69914491,3.2682846160000003,5.346405701,281.8306052,339.7811773,3.0215862939999996,0,0,Spriggs Bianca Lynne
94,Holiday,Harmony,1982.0,0,Midwest,Waterloo,Iowa,USA,,"University of California, Berkeley",Columbia University (MFA),0,1,1,0,Microwave Popcorn by Harmony Holiday_Wobj.mat,163.0854727,0.250030301,1.846186649,0.496976725,0.582139874,69,1.130962137,0.44968038,0.39760869600000004,8.231960747999999,12.19009553,3.782252236,3.366171675,223.98327149999997,257.06019380000004,2.097102041,1,1,Holiday Harmony
95,Clark,Tiana,1984.0,0,Other,,,USA,Tennesse State University,Vanderbilt (MFA),,0,1,0,0,Magic by Tiana Clark_Wobj.mat,202.2154,0.45831997,2.610118763,0.983757442,0.9160594590000001,77,0.811465908,0.289598482,0.356883117,6.514853907999999,14.70366981,2.3962681040000002,2.403513678,-155.4664928,136.701082,2.638247832,1,0,Clark Tiana
96,Clark,Tiana,1984.0,0,Other,,,USA,Tennesse State University,Vanderbilt (MFA),,0,1,0,0,The Ayes Have It_Wobj.mat,200.85446169999997,1.2710341040000002,2.90242622,1.03430525,0.958098315,175,0.8253549029999999,0.283332547,0.34328571399999996,6.379783067999999,15.46363798,2.4286674180000003,2.77318805,168.8809084,160.5027369,2.80646079,1,0,Clark Tiana
97,Ewing,Eve L.,1986.0,0,Other,,,USA,,University of Chicago,Harvard University (PhD),0,1,1,0,April 5 1968_Wobj.mat,220.5520752,1.020983686,3.784909312,1.750187058,2.1971876669999997,137,0.9573055690000001,0.263119279,0.274854015,7.0344291960000005,14.22410438,1.39654109,4.4715940860000005,192.1128221,175.2002504,3.5092151410000003,1,1,Ewing Eve L.
98,Ewing,Eve L.,1986.0,0,Other,,,USA,,University of Chicago,Harvard University (PhD),0,1,1,0,Arrival Day_Wobj.mat,243.06859100000003,1.2083863559999999,4.011655362,0.925137067,1.1442951140000002,216,0.8446408320000001,0.284694795,0.337060185,6.575376522999999,13.16844913,3.3641461280000002,6.425602088,-259.1101704,308.49471489999996,3.1071999480000003,1,1,Ewing Eve L.
99,Monet,Aja,1987.0,0,NYC,Brooklyn ,New York,USA,,,School of the Art Institute of Chicago (MFA),0,1,0,0,Is That All You Got_Wobj.mat,256.2006386,1.0,3.530949239,0.89743689,1.046077202,192,0.7990345,0.153002622,0.191484375,6.116286424,13.83464023,3.5273821180000002,4.034050315,-266.03346580000004,332.5371585,2.989781481,0,1,Monet Aja
100,Parker,Morgan,1987.0,1,Other,,,,,Columbia University (Anthropology and Creative Writing),New York University (MFA),0,1,1,0,All They Want is My Money My Pussy My Blood_Wobj.mat,197.26934599999998,1.166683925,3.86992523,1.6979600259999998,1.990988079,135,0.883189951,0.44395014899999996,0.5026666670000001,6.676990364,14.70751744,2.729280733,4.909723627,215.15548900000002,172.5571353,3.72567828,1,1,Parker Morgan
101,Parker,Morgan,1987.0,1,Other,,,,,Columbia University (Anthropology and Creative Writing),New York University (MFA),0,1,1,0,The History of Black People_Wobj.mat,186.4264743,0.708396846,2.9864934819999998,0.7685179059999999,0.8195633809999999,98,0.7085276359999999,0.311643712,0.439846939,5.760620274,11.16417631,2.240241218,3.406223626,234.6842719,230.57880950000003,2.3941341919999997,1,1,Parker Morgan
102,Harris,Alysia Nicole,1988.0,1,Northeast,Fremont,California,USA,"grew up in Alexandria, Virginia","University of Pennsylvania (BA, Linguistics) ","Yale University (MA, Linguistics); New York University (MFA)",0,1,1,0,Controlled Burn_Wobj.mat,282.4065467,1.0416535470000001,3.69141968,1.48343423,1.932682789,251,1.4267849019999999,0.37488631200000005,0.262749004,9.915354379,15.74512754,2.232027826,5.17452045,198.2278865,183.9860067,3.4327414960000002,1,1,Harris Alysia Nicole
103,Harris,Alysia Nicole,1988.0,1,Northeast,Fremont,California,USA,"grew up in Alexandria, Virginia","University of Pennsylvania (BA, Linguistics) ","Yale University (MA, Linguistics); New York University (MFA)",0,1,1,0,Joy_Wobj.mat,293.603198,1.041664597,3.81451796,1.502132796,1.702765198,371,1.3675150669999998,0.42881365299999996,0.313571429,9.768156434,15.50705599,2.985519622,5.1698547999999995,210.4216812,194.80770669999998,3.602420874,1,1,Harris Alysia Nicole
104,Shire,Warsan,1988.0,0,Other,,,Kenya,"When she was one years old, she migrated with her family to the UK.",,,0,0,0,0,For Women Who Are Difficult to Love_Wobj.mat,177.23019319999997,1.916667717,2.28260985,0.805802549,0.8343673079999999,78,0.623301902,0.343575196,0.551217949,5.02046794,13.45385571,3.035631778,3.112739593,166.5482314,200.3171119,2.435337321,0,0,Shire Warsan
105,Woods,Jamila,1989.0,0,Other,,,,,,,0,0,0,0,Pigeon Man_Wobj.mat,232.1889855,0.979279632,3.6297441889999997,1.5763573180000001,1.6503367480000002,152,0.65902144,0.170846973,0.25924342100000003,5.138722965,11.88220503,1.712907655,3.247215553,-197.9217012,194.2861882,3.2669902060000005,0,0,Woods Jamila
106,Woods,Jamila,1989.0,0,Other,,,,,,,0,0,0,0,Thirst Behavior_Wobj.mat,251.8933924,0.916643384,3.552754297,1.425761784,1.6621025059999999,133,0.871902452,0.24564048800000002,0.28172932300000003,6.494129559,12.43203907,2.050777756,2.8555512910000003,124.45745579999999,114.9124406,3.182706908,0,0,Woods Jamila
107,Elhillo,Safia,1990.0,1,Northeast,Rockville ,Maryland,USA,,Gallatin School at New York University,The New School,0,1,0,0,Self Portrait With A Yellow Dress_Wobj.mat,241.1106591,0.6876043270000001,3.045294895,1.244961037,1.504513276,61,0.49710699999999997,0.265504034,0.534098361,4.159278324,11.34548068,2.852076565,5.748076778,226.3136234,222.1205076,2.956142165,1,1,Elhillo Safia
108,Elhillo,Safia,1990.0,1,Northeast,Rockville ,Maryland,USA,,Gallatin School at New York University,The New School,0,1,0,0,To Make Use of Water_Wobj.mat,216.32062090000002,0.666624721,2.988472049,1.497490786,1.382057396,71,0.6763837290000001,0.285081452,0.421478873,5.128991963,13.56973483,2.3935295830000003,4.885711705,237.66964199999998,205.0431173,3.1788157139999997,1,1,Elhillo Safia
109,Ingram,Tonya ,1991.0,0,Other,,,,,,,0,0,0,0,Thirteen_Wobj.mat,307.1679809,1.500048073,3.615496045,2.026668434,1.9008847569999998,256,1.466754519,0.32881657,0.22417968800000002,10.37557242,15.542649800000001,2.8965139669999997,5.866237086,202.130391,195.00931359999998,4.009622558999999,0,0,Ingram Tonya 
110,Ingram,Tonya ,1991.0,0,Other,,,,,,,0,0,0,0,Unsolicited Advice_Wobj.mat,341.208945,0.999964257,2.815208379,0.539636417,0.56178374,196,0.948991696,0.259665432,0.273622449,6.941713425,7.387932622999999,3.1553242839999998,5.837672266,299.9179689,420.92839389999995,2.141303718,0,0,Ingram Tonya 
111,Mans,Jasmine Nicole  ,1991.0,0,Northeast,Newark,New Jersey ,USA,,University of Wisconsin ,,0,0,0,0,Footnotes for Kanye_Wobj.mat,238.8227191,1.37504674,4.104633289,1.491105329,1.381450986,274,0.970994206,0.278700144,0.287025547,7.103781721,14.17346086,2.377249789,9.166488766,241.5302713,259.8962936,3.528245568,1,0,Mans Jasmine Nicole  
112,Mans,Jasmine Nicole  ,1991.0,0,Northeast,Newark,New Jersey ,USA,,University of Wisconsin ,,0,0,0,0,You Gone Get This Work_Wobj.mat,233.09254019999997,1.229007395,4.041345628,1.673267316,1.745230255,212,0.92459331,0.30206289,0.326698113,6.955871168,14.50564241,1.7220846090000002,7.12874485,189.15941980000002,169.8128075,3.580282941,1,0,Mans Jasmine Nicole  
113,Howard,Zora,1993.0,0,Other,,,,,,,0,0,0,0,On Things of Which I am Ashamed_Wobj.mat,260.3859161,1.208318971,3.957116809,1.4694861940000001,1.405494225,339,1.019150407,0.382797703,0.37560472,7.586123668,14.19357802,2.552790822,7.043357381,202.1631572,192.26683880000002,3.4939607219999997,0,0,Howard Zora
114,Howard,Zora,1993.0,0,Other,,,,,,,0,0,0,0,Sista girlfriend_Wobj.mat,248.6667306,1.395988791,4.152316077,1.5238672359999998,1.5511318180000002,354,1.1332170240000001,0.33687597,0.297274011,8.210572569,15.10542607,2.498869912,6.439581626,209.67514730000002,211.91462719999998,3.6280123160000004,0,0,Howard Zora
115,Davis,Kai,1994.0,0,Northeast,Philadelphia,Pennsylvania,USA,"Dawson grew up in Colombia, Maryland ",Temple University,,0,1,0,0,Ain_t I a Woman_Wobj.mat,265.1863106,0.666658674,2.946375966,1.199091156,1.297290573,164,1.1607743209999999,0.301624376,0.259847561,8.476863974,13.09451853,3.924474062,5.9200395310000005,307.0291067,358.4598655,3.128133467,1,0,Davis Kai
116,Davis,Kai,1994.0,0,Northeast,Philadelphia,Pennsylvania,USA,"Dawson grew up in Colombia, Maryland ",Temple University,,0,1,0,0,Fck I Look Like_Wobj.mat,268.3030471,1.2083863559999999,3.720855585,1.1309249190000001,1.2072011870000001,163,0.89634314,0.194445972,0.216932515,6.664870791,13.758077599999998,3.707334378,3.931968935,282.3306413,349.7628962,3.287461038,1,0,Davis Kai
117,Gorman,Amanda,1998.0,0,Other,,,,,,,0,0,0,0,In this place An American Lyric_Wobj.mat,218.365984,0.87499305,3.444894698,1.33130012,1.296282045,251,0.79716704,0.246740667,0.309521912,6.101144842999999,12.92349233,2.177172019,5.547088959,217.97543330000002,210.1872491,3.103366665,0,0,Gorman Amanda
118,Gorman,Amanda,1998.0,0,Other,,,,,,,0,0,0,0,Neighborhood Anthem_Wobj.mat,263.49576890000003,1.250646815,4.065179541,0.989281028,1.30841846,235,0.746837857,0.185660713,0.248595745,5.902112214,13.10997911,3.4956716119999998,3.510975489,-236.34098319999998,285.76176749999996,3.201543014,0,0,Gorman Amanda
119,Kelly,Donika,1984.0,1,South,Los Angeles ,California,USA,moved to Arkansas at age 13. ,Arkansas University ,Michener Center for Writers (MFA); Vanderbilt University (PhD),0,1,0,0,I Never Figured Out by Donika Kelly_Wobj.mat,164.2411344,1.2917052409999998,2.461721895,0.8026640420000001,0.9570818999999999,58,0.84406607,0.333915448,0.39560344799999997,6.3011525189999995,15.294054000000001,3.2005854069999997,4.197631975,-196.5865072,219.10539959999997,2.583288934,1,1,Kelly Donika
120,Kelly,Donika,1984.0,1,South,Los Angeles ,California,USA,moved to Arkansas at age 13. ,Arkansas University ,Michener Center for Writers (MFA); Vanderbilt University (PhD),0,1,0,0,Love Poem Griffin_Wobj.mat,203.96430569999998,0.583289679,2.640043484,0.44006939,0.480022413,50,0.99522293,0.37231289799999995,0.3741,7.276465695,12.24974347,5.027376299,4.123576622,265.49915719999996,357.3397207,2.491519563,1,1,Kelly Donika
121,Mahmoud,Emi,1992.0,0,Other,,Darfur,Sudan,moved to Yemen as toddler and to US in 1998,Yale University ,,0,1,1,0,How to Translate a Joke_Wobj.mat,269.74164069999995,0.958346453,3.558607326,1.820545101,2.034533104,254,1.127560873,0.297138925,0.263523622,8.57824365,16.01074018,2.436221197,4.92809565,195.2467701,201.74019330000002,3.745410048,1,0,Mahmoud Emi
122,Mahmoud,Emi,1992.0,0,Other,,Darfur,Sudan,moved to Yemen as toddler and to US in 1998,Yale University ,,0,1,1,0,Mama_Wobj.mat,320.4561935,0.9166366029999999,3.4179460089999996,1.620660199,1.7571699440000002,288,1.3988391580000001,0.33414284699999997,0.238871528,10.01422767,14.91187622,3.350485095,4.547254825,208.5218704,203.7691439,3.6297031439999996,1,0,Mahmoud Emi
123,Johnston,Amanda,,1,West,East St. Louis,Illinois ,USA,"Johnston was raised in Austin, TX and began writing poetry while living in Kentucky. ",,University of Southern Maine (MFA),0,1,0,0,We Named You Mercy by Amanda Johnston_Wobj.mat,149.1554824,0.603983473,2.84981703,0.821522773,0.837423997,144,1.1800376959999999,0.383881013,0.3253125,8.658893212999999,13.59840535,2.926108741,3.3780374039999996,162.95408840000002,122.94390390000001,2.607377395,0,1,Johnston Amanda
124,Queen,Khadijah,,1,Other,,,,,University of Maryland (English 2004),,0,0,0,0,La Katrina_Wobj.mat,200.62400569999997,0.562602657,2.7604398530000003,0.515828634,0.591945975,100,1.05999576,0.44101123600000003,0.41605,7.979200894,12.53248514,3.6132230460000003,4.579573772,282.0672103,384.7467382,2.373854205,1,0,Queen Khadijah
125,Queen,Khadijah,,1,Other,,,,,University of Maryland (English 2004),,0,0,0,0,Non Sequitur_Wobj.mat,213.49975980000002,0.7916482840000001,3.3505166089999996,0.644400406,0.730443101,130,1.0343318609999999,0.44197796100000003,0.427307692,7.559414801,12.59685701,3.372661988,5.568377904,280.2805505,369.7540576,2.631385164,1,0,Queen Khadijah
126,Rollins,Alison C.,,1,Midwest,St. Louis,Missouri,USA,,Howard University ,University of Illinois Urbana-Champaign (MLIS),0,1,0,1,Free Radical_Wobj.mat,165.2384511,1.666676349,3.1882818289999997,0.820535885,0.84204892,119,0.979827089,0.42424866200000005,0.432983193,7.436699389,13.35767442,3.178589255,3.2401966489999996,136.92526819999998,119.81194140000001,2.7407164510000004,1,1,Rollins Alison C.
127,Rollins,Alison C,,1,Midwest,St. Louis,Missouri,USA,,Howard University ,University of Illinois Urbana-Champaign (MLIS),0,1,0,1,original sin_Wobj.mat,166.6730062,0.708900815,3.05407565,0.793003327,0.971868258,200,0.9221264240000001,0.45686753700000005,0.49545,6.960333337000001,13.58800591,3.19607143,3.22440843,116.62595470000001,108.7512768,2.6868396480000003,1,1,Rollins Alison C
128,Barnes,Aziza,,1,West,Los Angeles ,California,USA,,New York University ,,0,1,0,0,My Dad Asks _How Come Black Folk Can_t Just Write About Flowers__Wobj.mat,188.7801905,0.916611405,3.542280437,1.206183556,1.337222757,106,0.71033674,0.264600436,0.3725,5.578328743999999,13.89554361,1.693421226,5.988014037,197.5034524,177.1883783,2.974874738,1,0,Barnes Aziza
129,Bingham-Risher,Remica L.,,1,West,Phoenix,Arizona,USA,,Old Dominion University,Bennington College (MFA),0,1,0,0,House of the Ten Plagues_Wobj.mat,142.5843171,1.895981149,3.345863632,0.8489077740000001,1.009734889,80,0.7393032070000001,0.256584419,0.3470625,5.98874998,12.869506300000001,2.661666658,10.73725631,212.96241400000002,279.6671487,2.709995379,1,1,Bingham-Risher Remica L.
130,Barnes,Aziza,,1,West,Los Angeles ,California,USA,,New York University ,,0,1,0,0,Aunt Jemima_Wobj.mat,236.5553762,2.270987602,4.003629056,0.99801619,1.016051071,161,0.978544946,0.313134383,0.32,7.296250347999999,12.34135873,2.964101704,7.5771774579999995,281.8946639,334.7206434,3.0739993169999997,1,0,Barnes Aziza
131,Dutton,Nicole Terez,,0,Other,,,,,Brown University (B.A.),Brown University (MFA),0,1,1,0,Things that will not forget us_Wobj.mat,186.4772117,0.479363759,2.385561022,0.552474185,0.7023419740000001,65,0.837413038,0.26765009,0.319615385,6.6360748339999995,14.05234942,3.22836073,4.054529837,214.52229350000002,228.53903480000002,2.288838709,1,1,Dutton Nicole Terez
132,Dutton ,Nicole Terez,,0,Other,,,,,Brown University (B.A.),Brown University (MFA),0,1,1,0,Miles and Diz_Wobj.mat,191.7822695,1.645973121,3.1923069,1.210373952,1.483574033,127,0.862244552,0.29727069,0.34476378,6.551596147000001,14.41251608,2.368653992,4.60552588,220.0586366,229.87021600000003,3.004932836,1,1,Dutton  Nicole Terez
133,ford,t'ai freedom,,1,Other,,,,,,,0,0,0,0,Answers by tai-freedom-ford_Wobj.mat,181.8272699,1.833329519,2.6384310909999997,0.8534872370000001,0.861212364,190,0.779791098,0.29863947,0.382973684,6.135466856,11.93207526,3.1316445410000004,3.3948823339999996,162.44255780000003,192.8179564,2.544004751,0,0,ford t'ai freedom
134,ford,t'ai freedom,,1,Other,,,,,,,0,0,0,0,When a Poem Flirts by t_ai freedom ford_Wobj.mat,209.85411769999996,0.583289679,2.93914117,1.085272585,1.068924787,53,0.89008313,0.42648417200000005,0.479150943,7.162156212999999,13.66535111,3.978975674,2.407548082,177.8294024,190.503994,3.052394758,0,0,ford t'ai freedom
135,Haze,Ashlee,,0,South,Chicago,Illinois ,USA,"Haze grew up in Atlanta, GA",Georgia State University,,0,0,0,0,Ashlee Haze - For Colored Girls The Missy Elliott Poem_Wobj.mat,303.98243010000004,0.875005363,3.5053656369999997,1.7113040019999999,2.000129388,241,1.420362458,0.278945042,0.19639004100000002,10.06739174,17.21959692,1.463541531,5.040224306,246.4473498,240.1516414,3.5143450589999996,1,0,Haze Ashlee
136,Haze,Ashlee,,0,South,Chicago,Illinois ,USA,"Haze grew up in Atlanta, GA",Georgia State University,,0,0,0,0,Ashlee Haze - Shake What The Motherland Gave You_Wobj.mat,246.9499915,0.833301607,3.341376289,1.584766616,1.915556003,63,0.895077076,0.252397528,0.281984127,6.558725456,14.89901474,1.859937069,3.6708558019999997,188.3687072,171.96900219999998,3.3268221610000004,1,0,Haze Ashlee
137,Israel ,Neiel ,,0,Other,,,,,University of Massachusetts Boston ,,0,0,0,0,When a Black Man Walks_Wobj.mat,267.9571822,1.208297234,3.870205537,1.8297067930000002,1.888222127,283,1.3972548630000001,0.307050459,0.21975265,9.899430178,15.3886425,2.11590874,5.3850590810000005,225.5239273,223.77241580000003,3.770776456,1,0,Israel  Neiel 
138,Johnston,Amanda,,1,West,East St. Louis,Illinois ,USA,"Johnston was raised in Austin, TX and began writing poetry while living in Kentucky. ",,University of Southern Maine (MFA),0,1,0,0,Facing US_Wobj.mat,176.9945695,0.784323159,3.275440681,1.104724146,1.087323899,88,1.067054687,0.415969443,0.389829545,8.153592913999999,13.27928621,3.142530602,3.4437056989999997,194.5408175,174.23366819999998,3.018179412,0,1,Johnston Amanda
139,Judd,Bettina,,1,West,Baltimore ,Maryland,USA,raised in Southern California ,Spelman College,"University of Maryland (MA, Women's Studies, PhD Women's Studies)",0,1,0,1,Gravity_Wobj.mat,180.3846896,2.0,3.290997784,0.7624747909999999,0.909949635,63,0.827803692,0.26042967,0.314603175,6.297970379,11.8854041,2.646973058,3.620756765,229.28177819999996,229.9021182,2.574634185,1,1,Judd Bettina
140,Judd ,Bettina,,1,West,Baltimore ,Maryland,USA,raised in Southern California ,Spelman College,"University of Maryland (MA, Women's Studies, PhD Women's Studies)",0,1,0,1,You Be Lucy I_ll Be Betsey_Wobj.mat,171.9383363,2.08332685,3.4476288989999997,0.9337452820000001,1.0261054809999999,28,0.504959423,0.22100991899999997,0.437678571,4.724974947,13.33499761,2.180757668,3.8356506089999995,222.32970699999998,234.6448184,2.756338627,1,1,Judd  Bettina
141,Marco,Venessa,,0,Other,,,,,,,0,0,0,0,Off White by Venessa Marco_Wobj.mat,317.3612502,1.166640387,3.401124189,1.7088664180000002,1.681325933,203,1.17592539,0.36421827,0.309729064,8.77621256,14.16456654,3.274706179,8.419315536000001,220.79277349999998,227.04125219999997,3.6645560039999996,0,0,Marco Venessa
142,Marco,Venessa,,0,Other,,,,,,,0,0,0,0,Patriarchy by Venessa Marco_Wobj.mat,337.1269827,1.157266093,2.913101277,1.284645442,1.317084672,276,1.561483409,0.337585924,0.216195652,10.72778219,16.20373275,3.0772921010000003,6.232321603,258.06923309999996,272.0013714,3.174248196,0,0,Marco Venessa
143,Matthews,Airea D.,,1,Northeast,Trenton,New Jersey,USA,"Grew up for some time in Fairless Hills, PA; ",University of Pennsylvania (Economics),University of Michigan (MA Public Administration); University of Michigan (MFA),0,0,1,0,Prelude_Wobj.mat,178.1907142,0.812349471,3.262279715,0.7151989129999999,0.820171586,66,0.703512232,0.383733944,0.545454545,5.522727692999999,11.38774959,3.631382593,4.0496426439999995,256.6152067,310.3446137,2.666675862,1,1,Matthews Airea D.
144,Matthews,Airea D.,,1,Northeast,Trenton,New Jersey,USA,"Grew up for some time in Fairless Hills, PA; ",University of Pennsylvania (Economics),University of Michigan (MA Public Administration); University of Michigan (MFA),0,0,1,0,Wisdom_Wobj.mat,201.18177219999998,0.91665959,3.3756745280000002,0.999173474,0.993701253,97,0.462455304,0.12250298,0.264896907,3.806982976,11.23707546,3.36771571,3.45373753,217.28928309999998,270.3587032,2.9114319369999997,1,1,Matthews Airea D.
145,McElroy ,Colleen J. ,,0,Midwest,St. Louis,Missouri ,USA,,Kansas State University ,University of Washington (PhD in ethnolinguistic patterns of dialect differences and oral traditions),0,0,0,0,Colleen J. McElroy - The End of Civilization as We Know It _Wobj.mat,185.96442140000002,0.7290226209999999,3.282472393,1.263579488,1.5998254140000001,257,1.2680712490000001,0.445773918,0.351536965,9.36500893,14.19207178,3.1720191539999996,3.08990717,104.95301200000002,85.51299589,3.205241332,1,1,McElroy  Colleen J. 
146,Morris,Tracie,,1,NYC,Brooklyn ,New York ,USA,,,"Hunter College (MFA), New York University (PhD)",0,1,0,0,Project Princess_Wobj.mat,126.187666,1.708337751,3.8076582269999997,0.9908193000000001,1.0311906240000002,102,1.1953591940000001,0.266084613,0.222598039,8.896487733999999,19.48207677,2.8007461389999997,3.3660316089999998,232.1421647,248.7843319,3.2522992210000004,0,1,Morris Tracie
147,Morris ,Tracie,,1,NYC,Brooklyn ,New York ,USA,,,"Hunter College (MFA), New York University (PhD)",0,1,0,0,What the sister brother_Wobj.mat,150.6633199,1.166670893,2.913951584,0.9639007629999999,1.116123582,69,0.9562084259999999,0.21784922399999998,0.22782608699999998,7.371408827000001,17.09972395,2.0103842259999998,2.975886806,168.03956609999997,142.814129,2.73829865,0,1,Morris  Tracie
148,Nafis,Angel,,1,Other,,,,,Hunter College ,Warren Wilson College (MFA),0,1,0,0,Angel_s Heart Clown_s the Ocean_Wobj.mat,311.8472708,1.208318971,3.680063525,1.093616326,1.328901637,218,1.1198150759999999,0.387594709,0.346123853,8.42021694,12.53577965,3.838052373,4.369398001,259.4104829,329.9247875,3.21632854,1,1,Nafis Angel
149,Nichelle,Jae,,0,Other,,,,,Tulane University,,0,1,0,0,Friends With Benefits_Wobj.mat,287.0757157,0.958299661,3.5372656910000004,1.429634326,1.957793576,159,1.238703646,0.30410564,0.245503145,8.900722261,15.66768081,2.681627861,7.102088498,241.4830492,273.8334582,3.40862639,1,0,Nichelle Jae
150,Nichelle,Jae,,0,Midwest,Chicago,Illinois,USA,,Tulane University,,0,1,0,0,My lips_Wobj.mat,302.29916030000004,1.166640387,3.711202795,1.587015675,2.103623361,147,1.108513687,0.318037855,0.286904762,8.421495927,14.29783251,3.102656394,6.26135644,227.7245647,261.9103365,3.6226595980000003,1,0,Nichelle Jae
151,Olayiwola,Porsha (Porsha O.),,0,Midwest,Chicago,Illinois,USA,,,Emerson College (MFA),0,1,0,0,Angry Black Woman_Wobj.mat,305.0698181,1.0833181440000001,3.646698766,1.431184691,1.3915607,292,1.548784045,0.335720158,0.21676369899999998,10.64358204,14.84846026,3.4672274819999997,5.23438423,221.843625,249.6317841,3.54177697,0,1,Olayiwola Porsha (Porsha O.)
152,Olayiwola,Porsha (Porsha O.),,0,Midwest,,,,,,Emerson College (MFA),0,1,0,0,Capitalism_Wobj.mat,275.48472599999997,2.749999002,3.813543235,1.4280534219999999,1.2496601920000001,297,1.57898934,0.36510805700000004,0.231228956,10.90852552,14.46600413,3.9189887989999996,8.282209184,243.89133969999997,271.87771349999997,3.649218541,0,1,Olayiwola Porsha (Porsha O.)
153,Sinclair,Safiya,,0,Caribbean,Montego Bay,,Jamaica,,Bennington College,University of Virginia (MFA),0,1,0,0,A Bell Still Unrung by Safiya Sinclair_Wobj.mat,214.4129876,1.578127181,3.34703109,0.647106982,0.896618743,161,1.2095713909999999,0.40494346600000003,0.334782609,8.945434892,12.02711455,3.0370303639999996,10.46436489,-183.1714688,156.5685729,2.555701472,1,1,Sinclair Safiya
154,Sinclair ,Safiya,,0,Caribbean,Montego Bay,,Jamaica,,Bennington College,University of Virginia (MFA),0,1,0,0,Excerpt from _Home__Wobj.mat,196.30564850000002,1.250046127,2.873487852,0.767603805,0.89705449,116,1.03910064,0.344963497,0.33198275899999996,7.9582930329999995,14.30159779,3.299780038,6.407858772000001,-231.3446274,217.93422579999998,2.6535768330000002,1,1,Sinclair  Safiya
155,Singleton,Giovanni,,1,Northeast,Richmond,Virginia ,,,American University,New College of California ,0,1,0,0,January 18 Day 7 by giovanni singleton_Wobj.mat,177.4549332,1.250001478,4.001414114,1.410032568,1.837645732,28,0.6756756759999999,0.40516409299999995,0.5996428570000001,5.653412529,14.35788314,3.454863212,4.541839662,-145.8650031,157.9063925,3.608250473,1,1,Singleton Giovanni
156,Singleton,Giovanni,,1,Northeast,Richmond,Virginia ,,,American University,New College of California ,0,1,0,0,last cucumber from the garden in conversation w_ julie ezelle patton by giovanni singleton_Wobj.mat,142.9717338,1.854320063,3.3161344230000003,1.202545831,1.561279492,43,0.9697789809999999,0.413396482,0.42627907,7.245610901,13.00909048,4.583957917,4.298122739,156.578578,159.1632481,3.348141467,1,1,Singleton Giovanni
157,Stewart,Ebony,,0,Other,,,,,,,0,0,0,0,Happy Father_s Day_Wobj.mat,318.76598260000003,1.208318971,3.48314969,1.911650487,2.306124849,176,1.130560463,0.283603661,0.250852273,8.245512947,16.03262358,3.020158812,6.379887055,228.35291119999997,206.523749,3.903596813,0,0,Stewart Ebony
158,Stewart ,Ebony,,0,Other,,,,,,,0,0,0,0,Eve_Wobj.mat,299.43177710000003,1.3123717529999999,3.729655185,1.996335859,2.046327503,185,1.090994869,0.353895147,0.324378378,8.253670271,14.82611684,3.1949691369999997,7.929328572,196.2620044,185.0044497,4.038315573999999,0,0,Stewart  Ebony
159,Taylor,Sonya Renee,,0,Other,,,,,Hampton University,Trinity University-Washington,0,1,1,0,The Body Is Not An Apology_Wobj.mat,289.4820376,2.041664597,3.785522865,1.6848985890000001,1.5739748669999998,285,1.415902824,0.284273542,0.20077193,9.955315279,16.92552476,2.20384842,4.165487681,211.14024369999998,240.8219242,3.685568482,1,1,Taylor Sonya Renee
160,Taylor,Sonya Renee,,0,Other,,,,,Hampton University,Trinity University-Washington,0,1,1,0,What Women Deserve_Wobj.mat,250.75859049999997,2.666670873,3.938250235,0.742085271,0.83028629,79,0.37725037,0.086767585,0.23,3.079393744,11.94798271,3.079393744,5.638932056,-280.6311162,361.72779060000005,2.824168657,1,1,Taylor Sonya Renee
161,Thomas ,Amber Flora,,1,West,San Francisco,California,USA,,Humboldt State University,Washington University (MFA),0,0,0,0,Damaged Photos by Amber Flora Thomas_Wobj.mat,163.81581809999997,0.500083815,2.5874140430000003,0.51359052,0.608440643,41,0.5799151339999999,0.24137199399999998,0.416219512,4.68004125,10.80692377,2.437521485,3.4421194710000003,179.04047680000002,177.6841158,2.059973795,1,1,Thomas  Amber Flora
162,Thomas ,Amber Flora,,1,West,San Francisco,California,USA,,Humboldt State University,Washington University (MFA),0,0,0,0,Headwind by Amber Flora Thomas_Wobj.mat,182.4522176,0.5416746379999999,2.668611863,0.619141918,0.8649094999999999,33,0.508474576,0.272265023,0.535454545,4.2104965430000005,11.06643788,2.94734758,2.99616276,178.32593319999998,163.9478149,2.275169614,1,1,Thomas  Amber Flora
163,White,Simone,,1,Northeast,Middletown,Connecticut ,USA,"White was raised in Philadelphia, PA",Wesleyan University ,"Harvard Law School, The New School-New York City (MFA)",1,1,1,0,Some Creek_Wobj.mat,161.03510359999999,0.37508571700000004,2.332039656,0.535488243,0.563745607,36,0.64142539,0.23679287300000001,0.369166667,5.1536248239999995,11.20863011,2.996293503,2.142543299,229.8203364,284.05527850000004,2.1110128809999997,1,1,White Simone
164,Whitlow  ,Carolyn Beard,1945.0,1,Midwest,Detroit,Michigan ,USA,,Cornell University,Brown University (MFA),0,1,1,0,A Woman Waits on Pins and Needles_Wobj.mat,212.8761679,1.291061284,3.96776141,1.791818366,2.134044231,435,1.0808527559999999,0.388075834,0.359045977,8.138873484,13.47745535,3.1381228610000003,5.125552385,-183.9156943,178.2736614,3.861981285,1,1,Whitlow   Carolyn Beard
165,Williams ,Crystal,1970.0,0,Midwest,Detroit ,Michigan,USA,,New York University ,Cornell University (MFA),0,1,1,0,Year After Year_Wobj.mat,152.6553381,2.166661892,4.19833852,2.024631171,1.753055877,141,1.154980341,0.390850262,0.338404255,8.775086845,12.71138524,2.745945543,8.711760166,156.83102069999998,120.49509760000001,4.0504784680000006,1,1,Williams  Crystal
